label,total_games,total_moves,avg_moves_per_game,avg_centipawn_loss,median_centipawn_loss,avg_time_spent,median_time_spent,avg_eval,avg_openness,avg_development,avg_mobility,avg_sharpness,avg_center_control,avg_king_safety,avg_pawn_structure,avg_space,win_rate
Your Games,3038,145527,47.90223831468071,3.8858424897098134,0.0,3.3862032475073356,1.0,19.657664900671353,26.97608004013001,0.11055680389206127,1.1874634947466793,145.75040370515438,-2.348643207102462,-0.15924879919190255,0.18821249665010617,0.004404680918317563,21.902567478604347
Random Games,12999,747926,57.53719516885914,4.475409331939256,0.0,3.4099803991303954,1.0,31.822326005513915,28.814417469107905,0.08494423245080396,1.2267991753194836,138.2144904709824,-2.443820645357963,0.5024962362586674,0.18655588921898691,0.004544567243283427,26.395299638433727
